Sample_Name	Sample_IDAT	X	Y	Gender
GSM8461134	GSM8461134_207716530108_R01C01	0.884020708230707	0.336857784812946	f
