Sample_Name	Sample_IDAT	X	Y	Gender
GSM8461136	GSM8461136_207716530108_R03C01	0.611745276030929	0.97197058348847	f
