Sample_Name	Sample_IDAT	X	Y	Gender
GSM8461137	GSM8461137_207716530108_R04C01	0.740940003992314	0.784706409557331	m
