Sample_Name	Sample_IDAT	X	Y	Gender
GSM8461135	GSM8461135_207716530108_R02C01	0.71632864733718	0.798162869152006	m
